ID,Service,Full meaning,TCP hints,UDP hints,Remote native check scope,Credentialed scope,Implemented code,Live acceptance / limitations
SVC-01,SMB / CIFS,Server Message Block / Common Internet File System,"139,445",,SMBv1; signing; shares and permissions,supplied-user share permissions,Versioned registry; additive target scope; native evidence routing; UI/CSV/JSON/appendix,Native feed/config/access/identity dependent; no per-rule pass from silence
SVC-02,RPC,Remote Procedure Call,135,,Endpoint mapping; dynamic RPC services; build checks,authenticated Windows inventory,Versioned registry; additive target scope; native evidence routing; UI/CSV/JSON/appendix,Native feed/config/access/identity dependent; no per-rule pass from silence
SVC-03,WMI,Windows Management Instrumentation,135,,Route Windows RPC evidence,patch/configuration inventory,Versioned registry; additive target scope; native evidence routing; UI/CSV/JSON/appendix,Native feed/config/access/identity dependent; no per-rule pass from silence
SVC-04,WinRM,Windows Remote Management,"5985,5986",,Authentication and endpoint TLS,Windows configuration/inventory,Versioned registry; additive target scope; native evidence routing; UI/CSV/JSON/appendix,Native feed/config/access/identity dependent; no per-rule pass from silence
SVC-05,RDP,Remote Desktop Protocol,3389,3389,Security negotiation; TLS; NLA; version,host patch/configuration,Versioned registry; additive target scope; native evidence routing; UI/CSV/JSON/appendix,Native feed/config/access/identity dependent; no per-rule pass from silence
SVC-06,SSH: OpenSSH / Dropbear,Secure Shell server products,22,,Product/algorithms; exact vendor advisory checks,package/backport and SSH configuration,Versioned registry; additive target scope; native evidence routing; UI/CSV/JSON/appendix,Native feed/config/access/identity dependent; no per-rule pass from silence
SVC-07,FTP / FTPS,File Transfer Protocol / FTP secured with TLS,"20,21,990",,Banner; bounded anonymous access; explicit/implicit TLS,server configuration/access policy,Versioned registry; additive target scope; native evidence routing; UI/CSV/JSON/appendix,Native feed/config/access/identity dependent; no per-rule pass from silence
SVC-08,SFTP,SSH File Transfer Protocol,22,,Reuse SSH transport evidence,SFTP permissions/configuration,Versioned registry; additive target scope; native evidence routing; UI/CSV/JSON/appendix,Native feed/config/access/identity dependent; no per-rule pass from silence
SVC-09,HTTP,Hypertext Transfer Protocol,"80,8000,8080",,Web server/app identity; headers/exposure; route product checks,authenticated application checks,Versioned registry; additive target scope; native evidence routing; UI/CSV/JSON/appendix,Native feed/config/access/identity dependent; no per-rule pass from silence
SVC-10,HTTPS / TLS,Hypertext Transfer Protocol Secure / Transport Layer Security,"443,8443",,Certificates; protocol/cipher acceptance; STARTTLS,configuration context where supplied,Versioned registry; additive target scope; native evidence routing; UI/CSV/JSON/appendix,Native feed/config/access/identity dependent; no per-rule pass from silence
SVC-11,SMTP / SMTPS,Simple Mail Transfer Protocol / SMTP secured with TLS,"25,465,587",,Banner; authentication; relay policy; STARTTLS,mail configuration/access policy,Versioned registry; additive target scope; native evidence routing; UI/CSV/JSON/appendix,Native feed/config/access/identity dependent; no per-rule pass from silence
SVC-12,POP3 / POP3S,Post Office Protocol v3 / POP3 secured with TLS,"110,995",,Product; cleartext authentication; STARTTLS,mail configuration/access policy,Versioned registry; additive target scope; native evidence routing; UI/CSV/JSON/appendix,Native feed/config/access/identity dependent; no per-rule pass from silence
SVC-13,IMAP / IMAPS,Internet Message Access Protocol / IMAP secured with TLS,"143,993",,Product; authentication; STARTTLS,mail configuration/access policy,Versioned registry; additive target scope; native evidence routing; UI/CSV/JSON/appendix,Native feed/config/access/identity dependent; no per-rule pass from silence
SVC-14,DNS,Domain Name System,53,53,Protocol; recursion/transfer policy; server identity,server configuration,Versioned registry; additive target scope; native evidence routing; UI/CSV/JSON/appendix,Native feed/config/access/identity dependent; no per-rule pass from silence
SVC-15,SNMP,Simple Network Management Protocol,configured / no fixed listener,161,Version; configured community/access; firmware,approved device/community inventory,Versioned registry; additive target scope; native evidence routing; UI/CSV/JSON/appendix,Native feed/config/access/identity dependent; no per-rule pass from silence
SVC-16,Telnet,Remote terminal protocol,23,,Protocol/product; cleartext remote access,device access configuration,Versioned registry; additive target scope; native evidence routing; UI/CSV/JSON/appendix,Native feed/config/access/identity dependent; no per-rule pass from silence
SVC-17,TFTP,Trivial File Transfer Protocol,configured / no fixed listener,69,Protocol; approved-file read policy,approved filename/access context,Versioned registry; additive target scope; native evidence routing; UI/CSV/JSON/appendix,Native feed/config/access/identity dependent; no per-rule pass from silence
SVC-18,LDAP,Lightweight Directory Access Protocol,389,389,Bind policy; anonymous access; STARTTLS,directory configuration,Versioned registry; additive target scope; native evidence routing; UI/CSV/JSON/appendix,Native feed/config/access/identity dependent; no per-rule pass from silence
SVC-19,LDAPS,LDAP secured with TLS,636,,TLS and directory bind/access,directory configuration,Versioned registry; additive target scope; native evidence routing; UI/CSV/JSON/appendix,Native feed/config/access/identity dependent; no per-rule pass from silence
SVC-20,Kerberos,Network authentication protocol,88,88,Protocol/realm identity,credentialed AD policy,Versioned registry; additive target scope; native evidence routing; UI/CSV/JSON/appendix,Native feed/config/access/identity dependent; no per-rule pass from silence
SVC-21,AD Global Catalog,Active Directory Global Catalog,"3268,3269",,Directory exposure/bind; secure endpoint TLS,directory configuration,Versioned registry; additive target scope; native evidence routing; UI/CSV/JSON/appendix,Native feed/config/access/identity dependent; no per-rule pass from silence
SVC-22,Microsoft SQL Server,Structured Query Language database,1433,,TDS; build/version; encryption/access,patch/configuration/permissions,Versioned registry; additive target scope; native evidence routing; UI/CSV/JSON/appendix,Native feed/config/access/identity dependent; no per-rule pass from silence
SVC-23,MySQL / MariaDB,Database server products,3306,,Handshake; authentication/access; TLS; advisories,packages/settings/permissions,Versioned registry; additive target scope; native evidence routing; UI/CSV/JSON/appendix,Native feed/config/access/identity dependent; no per-rule pass from silence
SVC-24,PostgreSQL,Database server product,5432,,Protocol; SSL negotiation; authentication/patch context,packages/settings/permissions,Versioned registry; additive target scope; native evidence routing; UI/CSV/JSON/appendix,Native feed/config/access/identity dependent; no per-rule pass from silence
SVC-25,Oracle Database,Oracle relational database,1521,,Listener/service identification; access/encryption,database/listener patch inventory,Versioned registry; additive target scope; native evidence routing; UI/CSV/JSON/appendix,Native feed/config/access/identity dependent; no per-rule pass from silence
SVC-26,MongoDB,Document database,27017,,Authentication/authorization; TLS; version/exposure,server configuration/roles,Versioned registry; additive target scope; native evidence routing; UI/CSV/JSON/appendix,Native feed/config/access/identity dependent; no per-rule pass from silence
SVC-27,Redis,Remote Dictionary Server,6379,,Authentication/ACL; TLS; exposure/version,read-only config/inventory,Versioned registry; additive target scope; native evidence routing; UI/CSV/JSON/appendix,Native feed/config/access/identity dependent; no per-rule pass from silence
SVC-28,Elasticsearch,Search and analytics product,"9200,9300",,HTTP/transport identity; authentication; TLS,security/build/patch context,Versioned registry; additive target scope; native evidence routing; UI/CSV/JSON/appendix,Native feed/config/access/identity dependent; no per-rule pass from silence
SVC-29,VNC,Virtual Network Computing,5900,,RFB; authentication/encryption; product advisories,configured endpoint policy,Versioned registry; additive target scope; native evidence routing; UI/CSV/JSON/appendix,Native feed/config/access/identity dependent; no per-rule pass from silence
SVC-30,VMware ESXi / vCenter,Hypervisor and management products,"443,902",902,Management/API identity; access; TLS; advisories,vendor patch/inventory,Versioned registry; additive target scope; native evidence routing; UI/CSV/JSON/appendix,Native feed/config/access/identity dependent; no per-rule pass from silence
SVC-31,Docker API,Docker Application Programming Interface,"2375,2376",,API exposure; auth/client certificates; version,daemon configuration,Versioned registry; additive target scope; native evidence routing; UI/CSV/JSON/appendix,Native feed/config/access/identity dependent; no per-rule pass from silence
SVC-32,Kubernetes API,Kubernetes Application Programming Interface,6443,,API identity; anonymous access; TLS,RBAC and authenticated context,Versioned registry; additive target scope; native evidence routing; UI/CSV/JSON/appendix,Native feed/config/access/identity dependent; no per-rule pass from silence
SVC-33,kubelet,Kubernetes node agent,10250,,Node API exposure; authorization; TLS,node configuration,Versioned registry; additive target scope; native evidence routing; UI/CSV/JSON/appendix,Native feed/config/access/identity dependent; no per-rule pass from silence
SVC-34,Jenkins,Automation server,8080,,Core/plugin identity; admin exposure; advisories,plugin/configuration inventory,Versioned registry; additive target scope; native evidence routing; UI/CSV/JSON/appendix,Native feed/config/access/identity dependent; no per-rule pass from silence
SVC-35,GitLab / Git,Development platform / version control,"22,80,443,9418",,GitLab identity/access/advisories; Git exposure; reuse SSH/TLS,platform configuration,Versioned registry; additive target scope; native evidence routing; UI/CSV/JSON/appendix,Native feed/config/access/identity dependent; no per-rule pass from silence
SVC-36,RabbitMQ,Message broker,"5672,15672",,AMQP/management; access; TLS; version,permissions/broker settings,Versioned registry; additive target scope; native evidence routing; UI/CSV/JSON/appendix,Native feed/config/access/identity dependent; no per-rule pass from silence
SVC-37,Apache Kafka,Event streaming product,9092,,Broker identity; auth/ACLs; listener TLS,broker configuration,Versioned registry; additive target scope; native evidence routing; UI/CSV/JSON/appendix,Native feed/config/access/identity dependent; no per-rule pass from silence
SVC-38,Memcached,Memory caching service,11211,11211,TCP/UDP identity; exposure; version,transport/access policy,Versioned registry; additive target scope; native evidence routing; UI/CSV/JSON/appendix,Native feed/config/access/identity dependent; no per-rule pass from silence
SVC-39,Apache Tomcat,Java application server,"8080,8443",,Product/advisories; manager exposure; TLS,server/component patch context,Versioned registry; additive target scope; native evidence routing; UI/CSV/JSON/appendix,Native feed/config/access/identity dependent; no per-rule pass from silence
SVC-40,JBoss / WildFly,Java application servers,"8080,9990",,Application/admin identity; access; advisories,server/component patch context,Versioned registry; additive target scope; native evidence routing; UI/CSV/JSON/appendix,Native feed/config/access/identity dependent; no per-rule pass from silence
SVC-41,IIS,Internet Information Services,"80,443",,HTTP/TLS identity and exposure,Windows features/patches,Versioned registry; additive target scope; native evidence routing; UI/CSV/JSON/appendix,Native feed/config/access/identity dependent; no per-rule pass from silence
SVC-42,Apache HTTPD,Apache HTTP Server daemon,"80,443",,Version/modules; configuration/exposure; vendor patches,package/backport context,Versioned registry; additive target scope; native evidence routing; UI/CSV/JSON/appendix,Native feed/config/access/identity dependent; no per-rule pass from silence
SVC-43,nginx,Web server product,"80,443",,Version/build; configuration/exposure; vendor patches,package/backport context,Versioned registry; additive target scope; native evidence routing; UI/CSV/JSON/appendix,Native feed/config/access/identity dependent; no per-rule pass from silence
SVC-44,Oracle WebLogic,Oracle WebLogic Server,"7001,7002",,Version/patch; console exposure; auth/TLS,server patch/configuration,Versioned registry; additive target scope; native evidence routing; UI/CSV/JSON/appendix,Native feed/config/access/identity dependent; no per-rule pass from silence
SVC-45,IBM WebSphere,IBM WebSphere Application Server,configured / no fixed listener,,Configured app/admin identity; version; auth/TLS,server patch/configuration,Versioned registry; additive target scope; native evidence routing; UI/CSV/JSON/appendix,Native feed/config/access/identity dependent; no per-rule pass from silence
SVC-46,IPsec / IKE,Internet Protocol Security / Internet Key Exchange,configured / no fixed listener,"500,4500",Negotiation; device identity; vendor/configuration,device configuration,Versioned registry; additive target scope; native evidence routing; UI/CSV/JSON/appendix,Native feed/config/access/identity dependent; no per-rule pass from silence
SVC-47,NTP,Network Time Protocol,configured / no fixed listener,123,Protocol/version; permitted query policy,device configuration,Versioned registry; additive target scope; native evidence routing; UI/CSV/JSON/appendix,Native feed/config/access/identity dependent; no per-rule pass from silence
SVC-48,DHCP,Dynamic Host Configuration Protocol,configured / no fixed listener,"67,68",Network-scoped server identity,network broadcast/relay collector,Versioned registry; additive target scope; native evidence routing; UI/CSV/JSON/appendix,Native feed/config/access/identity dependent; no per-rule pass from silence; network-scoped collector not implemented
SVC-49,IPP,Internet Printing Protocol,631,,Printer identity/access; supported TLS,device/firmware inventory,Versioned registry; additive target scope; native evidence routing; UI/CSV/JSON/appendix,Native feed/config/access/identity dependent; no per-rule pass from silence
SVC-50,JetDirect,HP network printing technology,9100,,Device identity/exposure; no arbitrary raw print payload,device/firmware inventory,Versioned registry; additive target scope; native evidence routing; UI/CSV/JSON/appendix,Native feed/config/access/identity dependent; no per-rule pass from silence
SVC-51,NFS,Network File System,2049,2049,RPC discovery; export/access policy; version,approved export permission context,Versioned registry; additive target scope; native evidence routing; UI/CSV/JSON/appendix,Native feed/config/access/identity dependent; no per-rule pass from silence
SVC-52,rpcbind,Remote Procedure Call binding service,111,111,RPC program enumeration; auxiliary endpoints,host/RPC configuration,Versioned registry; additive target scope; native evidence routing; UI/CSV/JSON/appendix,Native feed/config/access/identity dependent; no per-rule pass from silence
CFG-IP-FORWARDING,IP forwarding,IPv4 / IPv6 forwarding and device role,,,Source-backed configuration evaluation,Authenticated both-family config and role policy,Evidence evaluator; coverage export entry,New configuration acquisition collector not implemented; ordinary per-IP scan stays not-tested without evidence
